<root>
    <id>0</id>
    <name>NEW ANIM</name>
    <speed>0.182266012</speed>
    <categories></categories>
    <frames>
        <frame>
            <id>4</id>
            <id>5</id>
            <id>6</id>
            <id>11</id>
            <id>12</id>
            <id>13</id>
            <id>18</id>
            <id>19</id>
            <id>20</id>
            <id>21</id>
            <id>22</id>
            <id>23</id>
            <id>28</id>
            <id>29</id>
            <id>30</id>
            <id>35</id>
            <id>36</id>
            <id>37</id>
        </frame>
        <frame>
            <id>11</id>
            <id>12</id>
            <id>13</id>
            <id>14</id>
            <id>15</id>
            <id>16</id>
            <id>18</id>
            <id>19</id>
            <id>20</id>
            <id>21</id>
            <id>22</id>
            <id>23</id>
            <id>25</id>
            <id>26</id>
            <id>27</id>
            <id>28</id>
            <id>29</id>
            <id>30</id>
        </frame>
        <frame>
            <id>7</id>
            <id>8</id>
            <id>9</id>
            <id>14</id>
            <id>15</id>
            <id>16</id>
            <id>18</id>
            <id>19</id>
            <id>20</id>
            <id>21</id>
            <id>22</id>
            <id>23</id>
            <id>25</id>
            <id>26</id>
            <id>27</id>
            <id>32</id>
            <id>33</id>
            <id>34</id>
        </frame>
        <frame>
            <id>0</id>
            <id>1</id>
            <id>2</id>
            <id>7</id>
            <id>8</id>
            <id>9</id>
            <id>14</id>
            <id>15</id>
            <id>16</id>
            <id>25</id>
            <id>26</id>
            <id>27</id>
            <id>32</id>
            <id>33</id>
            <id>34</id>
            <id>39</id>
            <id>40</id>
            <id>41</id>
        </frame>
    </frames>
</root>
