<Widget>
    <Kind>2</Kind>
    <Name>LIVE</Name>
    <Value>1</Value>
</Widget>
<Widget>
    <Kind>2</Kind>
    <Name>EDITOR</Name>
    <Value>0</Value>
</Widget>
<Widget>
    <Kind>2</Kind>
    <Name>CONFIG</Name>
    <Value>0</Value>
</Widget>
<Widget>
    <Kind>4</Kind>
    <Name>RANGE</Name>
    <Value>14.152709007</Value>
</Widget>
<Widget>
    <Kind>4</Kind>
    <Name>OVERRIDE</Name>
    <Value>11.540173531</Value>
</Widget>
<Widget>
    <Kind>4</Kind>
    <Name>DECAY</Name>
    <Value>0.034482758</Value>
</Widget>
<Widget>
    <Kind>4</Kind>
    <Name>DECAY OVERLAY</Name>
    <Value>1.000000000</Value>
</Widget>
<Widget>
    <Kind>4</Kind>
    <Name>SPEED</Name>
    <Value>0.399014771</Value>
</Widget>
<Widget>
    <Kind>4</Kind>
    <Name>SPEED OVER</Name>
    <Value>0.196850389</Value>
</Widget>
<Widget>
    <Kind>2</Kind>
    <Name>LOOP PALYNDROME</Name>
    <Value>0</Value>
</Widget>
<Widget>
    <Kind>2</Kind>
    <Name>APPLY SPEED</Name>
    <Value>0</Value>
</Widget>
<Widget>
    <Kind>2</Kind>
    <Name>APPLY SPEED OVERLAY</Name>
    <Value>0</Value>
</Widget>
<Widget>
    <Kind>2</Kind>
    <Name>SOUND + ALPHA</Name>
    <Value>0</Value>
</Widget>
<Widget>
    <Kind>2</Kind>
    <Name>STROB</Name>
    <Value>0</Value>
</Widget>
<Widget>
    <Kind>2</Kind>
    <Name>STROB / DMX</Name>
    <Value>0</Value>
</Widget>
<Widget>
    <Kind>2</Kind>
    <Name>FULL STROB</Name>
    <Value>0</Value>
</Widget>
<Widget>
    <Kind>4</Kind>
    <Name>STROB SPEED</Name>
    <Value>4.000000000</Value>
</Widget>
<Widget>
    <Kind>21</Kind>
    <Name>R</Name>
    <Value>255.000000000</Value>
</Widget>
<Widget>
    <Kind>21</Kind>
    <Name>G</Name>
    <Value>255.000000000</Value>
</Widget>
<Widget>
    <Kind>21</Kind>
    <Name>B</Name>
    <Value>255.000000000</Value>
</Widget>
<Widget>
    <Kind>21</Kind>
    <Name>W</Name>
    <Value>0.000000000</Value>
</Widget>
<Widget>
    <Kind>4</Kind>
    <Name>ALPHA</Name>
    <Value>1.000000000</Value>
</Widget>
