<root>
    <id>-1</id>
    <name>Rouge centre blanc</name>
    <colors>
        <color>
            <id>0</id>
            <r>0</r>
            <g>0</g>
            <b>0</b>
            <permanent>0</permanent>
        </color>
        <color>
            <id>1</id>
            <r>0</r>
            <g>0</g>
            <b>0</b>
            <permanent>0</permanent>
        </color>
        <color>
            <id>2</id>
            <r>0</r>
            <g>0</g>
            <b>0</b>
            <permanent>0</permanent>
        </color>
        <color>
            <id>3</id>
            <r>0</r>
            <g>0</g>
            <b>0</b>
            <permanent>0</permanent>
        </color>
        <color>
            <id>4</id>
            <r>0</r>
            <g>0</g>
            <b>0</b>
            <permanent>0</permanent>
        </color>
        <color>
            <id>5</id>
            <r>0</r>
            <g>0</g>
            <b>0</b>
            <permanent>0</permanent>
        </color>
        <color>
            <id>6</id>
            <r>0</r>
            <g>0</g>
            <b>0</b>
            <permanent>0</permanent>
        </color>
        <color>
            <id>7</id>
            <r>0</r>
            <g>0</g>
            <b>0</b>
            <permanent>0</permanent>
        </color>
        <color>
            <id>8</id>
            <r>121</r>
            <g>0</g>
            <b>123</b>
            <permanent>0</permanent>
        </color>
        <color>
            <id>9</id>
            <r>0</r>
            <g>0</g>
            <b>0</b>
            <permanent>0</permanent>
        </color>
        <color>
            <id>10</id>
            <r>0</r>
            <g>0</g>
            <b>0</b>
            <permanent>0</permanent>
        </color>
        <color>
            <id>11</id>
            <r>0</r>
            <g>0</g>
            <b>0</b>
            <permanent>0</permanent>
        </color>
        <color>
            <id>12</id>
            <r>121</r>
            <g>0</g>
            <b>123</b>
            <permanent>0</permanent>
        </color>
        <color>
            <id>13</id>
            <r>0</r>
            <g>0</g>
            <b>0</b>
            <permanent>0</permanent>
        </color>
        <color>
            <id>14</id>
            <r>0</r>
            <g>0</g>
            <b>0</b>
            <permanent>0</permanent>
        </color>
        <color>
            <id>15</id>
            <r>0</r>
            <g>0</g>
            <b>0</b>
            <permanent>0</permanent>
        </color>
        <color>
            <id>16</id>
            <r>0</r>
            <g>0</g>
            <b>0</b>
            <permanent>0</permanent>
        </color>
        <color>
            <id>17</id>
            <r>211</r>
            <g>197</g>
            <b>255</b>
            <permanent>0</permanent>
        </color>
        <color>
            <id>18</id>
            <r>211</r>
            <g>197</g>
            <b>255</b>
            <permanent>0</permanent>
        </color>
        <color>
            <id>19</id>
            <r>0</r>
            <g>0</g>
            <b>0</b>
            <permanent>0</permanent>
        </color>
        <color>
            <id>20</id>
            <r>0</r>
            <g>0</g>
            <b>0</b>
            <permanent>0</permanent>
        </color>
        <color>
            <id>21</id>
            <r>0</r>
            <g>0</g>
            <b>0</b>
            <permanent>0</permanent>
        </color>
        <color>
            <id>22</id>
            <r>0</r>
            <g>0</g>
            <b>0</b>
            <permanent>0</permanent>
        </color>
        <color>
            <id>23</id>
            <r>0</r>
            <g>0</g>
            <b>0</b>
            <permanent>0</permanent>
        </color>
        <color>
            <id>24</id>
            <r>211</r>
            <g>197</g>
            <b>255</b>
            <permanent>0</permanent>
        </color>
        <color>
            <id>25</id>
            <r>211</r>
            <g>197</g>
            <b>255</b>
            <permanent>0</permanent>
        </color>
        <color>
            <id>26</id>
            <r>0</r>
            <g>0</g>
            <b>0</b>
            <permanent>0</permanent>
        </color>
        <color>
            <id>27</id>
            <r>0</r>
            <g>0</g>
            <b>0</b>
            <permanent>0</permanent>
        </color>
        <color>
            <id>28</id>
            <r>0</r>
            <g>0</g>
            <b>0</b>
            <permanent>0</permanent>
        </color>
        <color>
            <id>29</id>
            <r>121</r>
            <g>0</g>
            <b>123</b>
            <permanent>0</permanent>
        </color>
        <color>
            <id>30</id>
            <r>0</r>
            <g>0</g>
            <b>0</b>
            <permanent>0</permanent>
        </color>
        <color>
            <id>31</id>
            <r>0</r>
            <g>0</g>
            <b>0</b>
            <permanent>0</permanent>
        </color>
        <color>
            <id>32</id>
            <r>0</r>
            <g>0</g>
            <b>0</b>
            <permanent>0</permanent>
        </color>
        <color>
            <id>33</id>
            <r>121</r>
            <g>0</g>
            <b>123</b>
            <permanent>0</permanent>
        </color>
        <color>
            <id>34</id>
            <r>0</r>
            <g>0</g>
            <b>0</b>
            <permanent>0</permanent>
        </color>
        <color>
            <id>35</id>
            <r>0</r>
            <g>0</g>
            <b>0</b>
            <permanent>0</permanent>
        </color>
        <color>
            <id>36</id>
            <r>0</r>
            <g>0</g>
            <b>0</b>
            <permanent>0</permanent>
        </color>
        <color>
            <id>37</id>
            <r>0</r>
            <g>0</g>
            <b>0</b>
            <permanent>0</permanent>
        </color>
        <color>
            <id>38</id>
            <r>0</r>
            <g>0</g>
            <b>0</b>
            <permanent>0</permanent>
        </color>
        <color>
            <id>39</id>
            <r>0</r>
            <g>0</g>
            <b>0</b>
            <permanent>0</permanent>
        </color>
        <color>
            <id>40</id>
            <r>0</r>
            <g>0</g>
            <b>0</b>
            <permanent>0</permanent>
        </color>
        <color>
            <id>41</id>
            <r>0</r>
            <g>0</g>
            <b>0</b>
            <permanent>0</permanent>
        </color>
    </colors>
</root>
