<Widget>
    <Kind>4</Kind>
    <Name>BGR</Name>
    <Value>198.631576538</Value>
</Widget>
<Widget>
    <Kind>4</Kind>
    <Name>BGG</Name>
    <Value>56.368419647</Value>
</Widget>
<Widget>
    <Kind>4</Kind>
    <Name>BGB</Name>
    <Value>128.842102051</Value>
</Widget>
<Widget>
    <Kind>4</Kind>
    <Name>RED</Name>
    <Value>16.946203232</Value>
</Widget>
<Widget>
    <Kind>4</Kind>
    <Name>GREEN</Name>
    <Value>41.962024689</Value>
</Widget>
<Widget>
    <Kind>4</Kind>
    <Name>BLUE</Name>
    <Value>166.234176636</Value>
</Widget>
<Widget>
    <Kind>4</Kind>
    <Name>ALPHA</Name>
    <Value>246.826995850</Value>
</Widget>
<Widget>
    <Kind>4</Kind>
    <Name>RADIUS</Name>
    <Value>193.670883179</Value>
</Widget>
<Widget>
    <Kind>4</Kind>
    <Name>RESOLUTION</Name>
    <Value>8.000000000</Value>
</Widget>
<Widget>
    <Kind>17</Kind>
    <Name>DRAW FILL</Name>
    <Value>1</Value>
</Widget>
<Widget>
    <Kind>11</Kind>
    <Name>POSITION</Name>
    <XValue>208.000000000</XValue>
    <YValue>76.000000000</YValue>
</Widget>
