<Widget>
    <Kind>2</Kind>
    <Name>LIVE</Name>
    <Value>1</Value>
</Widget>
<Widget>
    <Kind>2</Kind>
    <Name>EDITOR</Name>
    <Value>0</Value>
</Widget>
<Widget>
    <Kind>4</Kind>
    <Name>RANGE</Name>
    <Value>4.694581032</Value>
</Widget>
<Widget>
    <Kind>4</Kind>
    <Name>OVERRIDE</Name>
    <Value>2.534567118</Value>
</Widget>
<Widget>
    <Kind>4</Kind>
    <Name>DECAY</Name>
    <Value>1.000000000</Value>
</Widget>
<Widget>
    <Kind>4</Kind>
    <Name>DECAY OVERLAY</Name>
    <Value>1.000000000</Value>
</Widget>
<Widget>
    <Kind>4</Kind>
    <Name>SPEED</Name>
    <Value>0.566502452</Value>
</Widget>
<Widget>
    <Kind>4</Kind>
    <Name>SPEED OVER</Name>
    <Value>0.527093589</Value>
</Widget>
<Widget>
    <Kind>2</Kind>
    <Name>LOOP PALYNDROME</Name>
    <Value>0</Value>
</Widget>
<Widget>
    <Kind>2</Kind>
    <Name>APPLY SPEED</Name>
    <Value>0</Value>
</Widget>
<Widget>
    <Kind>2</Kind>
    <Name>APPLY SPEED OVERLAY</Name>
    <Value>0</Value>
</Widget>
<Widget>
    <Kind>2</Kind>
    <Name>SOUND + ALPHA</Name>
    <Value>0</Value>
</Widget>
<Widget>
    <Kind>2</Kind>
    <Name>STROB</Name>
    <Value>0</Value>
</Widget>
<Widget>
    <Kind>2</Kind>
    <Name>STROB / DMX</Name>
    <Value>0</Value>
</Widget>
<Widget>
    <Kind>2</Kind>
    <Name>FULL STROB</Name>
    <Value>0</Value>
</Widget>
<Widget>
    <Kind>4</Kind>
    <Name>STROB SPEED</Name>
    <Value>4.000000000</Value>
</Widget>
<Widget>
    <Kind>21</Kind>
    <Name>R</Name>
    <Value>37.633819580</Value>
</Widget>
<Widget>
    <Kind>21</Kind>
    <Name>G</Name>
    <Value>165.730621338</Value>
</Widget>
<Widget>
    <Kind>21</Kind>
    <Name>B</Name>
    <Value>139.614440918</Value>
</Widget>
<Widget>
    <Kind>4</Kind>
    <Name>W</Name>
    <Value>62.807884216</Value>
</Widget>
<Widget>
    <Kind>4</Kind>
    <Name>ALPHA</Name>
    <Value>1.000000000</Value>
</Widget>
<Widget>
    <Kind>4</Kind>
    <Name>ALPHA OVER</Name>
    <Value>1.000000000</Value>
</Widget>
